{"cameraMode":{"drawMode":0,"name":"Shaded","section":"Shading Mode"},"sceneLighting":false,"audioPlay":false,"sceneViewState":{"showFog":true,"showMaterialUpdate":false,"showSkybox":false,"showFlares":true,"showImageEffects":true,"showParticleSystems":true},"in2DMode":false,"pivot":{"x":0.7154263854026794,"y":1.239472508430481,"z":-0.4444602131843567},"rotation":{"x":-0.0017674679402261973,"y":-0.997363805770874,"z":0.06773562729358673,"w":-0.026335392147302629},"size":4.4897027015686039,"orthographic":false}